threads, time 
1, 4113.210000
2, 2153.620000
3, 1403.730000
4, 1075.560000
5, 852.006000
